{"cameraMode":{"drawMode":0,"name":"Shaded","section":"Shading Mode"},"sceneLighting":true,"audioPlay":false,"sceneViewState":{"showFog":true,"showMaterialUpdate":false,"showSkybox":true,"showFlares":true,"showImageEffects":true,"showParticleSystems":true,"showVisualEffectGraphs":true,"m_FxEnabled":true},"in2DMode":false,"pivot":{"x":93.65017700195313,"y":350.54144287109377,"z":123.61247253417969},"rotation":{"x":-0.29564908146858218,"y":0.032087501138448718,"z":-0.009936722926795483,"w":-0.9547058343887329},"size":526.4947509765625,"orthographic":false}